Timestamp,Housing Type,Do you keep separate bins for wet and dry waste at home?,"If you do not segregate, what is the main reason?",How reliable is your daily municipal waste collection?,Does the collection vehicle have separate compartments for wet and dry waste?,Have you observed the waste handler or worker mixing your segregated bags?,"Do you separate domestic hazardous and sanitary waste such as pads, diapers, glass, and medicines?",Are you aware of municipal fines or bye-laws for not segregating?,Would an alert via SMS or WhatsApp telling you the truck is 15 minutes away help you hand over waste on time?,What would motivate you most to segregate daily?
10/2/2026 13:55:34,Other,Sometimes,Waste collector mixes them anyway,No door to door pickup,Not sure,Occasionally,"Yes, in separate bag",No,No,Better bins
10/2/2026 13:57:30,Gated Society,"No, Single bin",Waste collector mixes them anyway,Irregular,"No, single chamber",Occasionally,Mixed with dry,Yes,No,Clearer instructions
10/2/2026 13:57:36,Standalone Building or Chawl,"No, Single bin",Lack of kitchen space,No door to door pickup,Not sure,Frequently,"Yes, in separate bag",No,Yes,Clearer instructions
10/2/2026 13:57:42,Other,"No, Single bin",No separate bins,Delayed by 1 to 2 hours,Yes,Frequently,"Yes, in separate bag",Yes,Yes,Lower municipal maintenance fee
10/2/2026 13:57:50,Gated Society,Sometimes,No separate bins,Very regular,"No, single chamber",Occasionally,"Yes, in separate bag",No,Yes,Lower municipal maintenance fee
10/2/2026 13:57:55,Gated Society,"Yes, Always",Forgetfulness,No door to door pickup,"No, single chamber",Frequently,Mixed with wet,Yes,Yes,Clearer instructions
10/2/2026 13:58:01,Gated Society,Sometimes,Waste collector mixes them anyway,Delayed by 1 to 2 hours,"No, single chamber",Frequently,"Yes, in separate bag",Yes,Yes,Clearer instructions
10/2/2026 13:58:07,Standalone Building or Chawl,"No, Single bin",Forgetfulness,Delayed by 1 to 2 hours,Not sure,Frequently,Mixed with wet,No,Yes,Strict fines
10/2/2026 13:58:13,Other,"No, Single bin",Lack of kitchen space,Irregular,"No, single chamber",Frequently,Mixed with dry,Yes,No,Lower municipal maintenance fee
10/2/2026 13:58:18,Standalone Building or Chawl,"No, Single bin",No separate bins,Irregular,Yes,Never,"Yes, in separate bag",Yes,Yes,Clearer instructions
10/2/2026 13:58:23,Gated Society,"No, Single bin",No separate bins,Delayed by 1 to 2 hours,"No, single chamber",Never,Mixed with dry,Yes,Yes,Better bins
10/2/2026 13:58:29,Gated Society,"No, Single bin",Lack of kitchen space,Delayed by 1 to 2 hours,"No, single chamber",Occasionally,Mixed with dry,No,Yes,Lower municipal maintenance fee
10/2/2026 13:58:35,Other,Sometimes,Lack of kitchen space,Delayed by 1 to 2 hours,Not sure,Frequently,Mixed with dry,No,No,Better bins
10/2/2026 13:58:41,Standalone Building or Chawl,"Yes, Always",Lack of kitchen space,Very regular,"No, single chamber",Occasionally,Mixed with dry,Yes,No,Strict fines
10/2/2026 13:58:47,Gated Society,"Yes, Always",Lack of kitchen space,Delayed by 1 to 2 hours,Not sure,Frequently,Mixed with wet,Yes,Yes,Strict fines
10/2/2026 13:58:53,Standalone Building or Chawl,"No, Single bin",Lack of kitchen space,Very regular,"No, single chamber",Frequently,Mixed with dry,No,No,Strict fines
10/2/2026 13:58:58,Other,"No, Single bin",Forgetfulness,Very regular,Yes,Frequently,Mixed with dry,Yes,Yes,Lower municipal maintenance fee
10/2/2026 13:59:04,Gated Society,"No, Single bin",Waste collector mixes them anyway,Delayed by 1 to 2 hours,"No, single chamber",Frequently,Mixed with wet,Yes,No,Lower municipal maintenance fee
10/2/2026 13:59:09,Other,"Yes, Always",Forgetfulness,No door to door pickup,"No, single chamber",Frequently,Mixed with dry,No,No,Better bins
10/2/2026 13:59:18,Gated Society,"Yes, Always",No separate bins,Delayed by 1 to 2 hours,"No, single chamber",Occasionally,Mixed with dry,Yes,No,Better bins
10/2/2026 13:59:29,Gated Society,"Yes, Always",Lack of kitchen space,Delayed by 1 to 2 hours,"No, single chamber",Frequently,Mixed with wet,Yes,Yes,Lower municipal maintenance fee
10/2/2026 13:59:35,Gated Society,"No, Single bin",Lack of kitchen space,Delayed by 1 to 2 hours,Yes,Frequently,Mixed with wet,No,No,Clearer instructions
10/2/2026 13:59:41,Gated Society,"No, Single bin",Waste collector mixes them anyway,Irregular,"No, single chamber",Frequently,Mixed with wet,Yes,Yes,Lower municipal maintenance fee
10/2/2026 13:59:46,Standalone Building or Chawl,"No, Single bin",Lack of kitchen space,No door to door pickup,"No, single chamber",Frequently,Mixed with wet,No,Yes,Clearer instructions
10/2/2026 13:59:52,Other,"No, Single bin",No separate bins,Irregular,"No, single chamber",Frequently,Mixed with dry,Yes,Yes,Better bins
10/2/2026 13:59:58,Gated Society,"No, Single bin",Waste collector mixes them anyway,Delayed by 1 to 2 hours,"No, single chamber",Occasionally,"Yes, in separate bag",No,No,Lower municipal maintenance fee
10/2/2026 14:00:04,Other,"Yes, Always",Lack of kitchen space,No door to door pickup,"No, single chamber",Frequently,"Yes, in separate bag",Yes,Yes,Better bins
10/2/2026 14:00:09,Standalone Building or Chawl,"Yes, Always",Forgetfulness,Irregular,"No, single chamber",Frequently,"Yes, in separate bag",Yes,Yes,Better bins
10/2/2026 14:00:15,Other,Sometimes,Lack of kitchen space,Irregular,"No, single chamber",Frequently,Mixed with wet,No,Yes,Better bins
10/2/2026 14:00:20,Standalone Building or Chawl,"No, Single bin",Waste collector mixes them anyway,No door to door pickup,"No, single chamber",Frequently,Mixed with dry,No,Yes,Better bins
10/2/2026 14:00:26,Other,"No, Single bin",Forgetfulness,Irregular,"No, single chamber",Occasionally,Mixed with dry,Yes,No,Strict fines
10/2/2026 14:00:31,Gated Society,"Yes, Always",Waste collector mixes them anyway,No door to door pickup,Not sure,Frequently,Mixed with dry,Yes,No,Strict fines
10/2/2026 14:00:37,Other,"No, Single bin",Lack of kitchen space,No door to door pickup,"No, single chamber",Occasionally,Mixed with dry,No,Yes,Clearer instructions
10/2/2026 14:00:43,Gated Society,"No, Single bin",Forgetfulness,Very regular,"No, single chamber",Frequently,Mixed with dry,No,Yes,Clearer instructions
10/2/2026 14:00:48,Other,Sometimes,No separate bins,Delayed by 1 to 2 hours,Not sure,Frequently,"Yes, in separate bag",Yes,Yes,Clearer instructions
10/2/2026 14:00:53,Other,"No, Single bin",Waste collector mixes them anyway,Delayed by 1 to 2 hours,"No, single chamber",Occasionally,Mixed with wet,Yes,Yes,Clearer instructions
10/2/2026 14:00:58,Other,Sometimes,Forgetfulness,Delayed by 1 to 2 hours,Yes,Frequently,Mixed with wet,No,Yes,Clearer instructions
10/2/2026 14:01:04,Other,"No, Single bin",Waste collector mixes them anyway,No door to door pickup,"No, single chamber",Frequently,Mixed with dry,No,Yes,Clearer instructions
10/2/2026 14:01:09,Other,Sometimes,No separate bins,Very regular,Yes,Never,Mixed with wet,No,No,Clearer instructions
10/2/2026 14:01:16,Standalone Building or Chawl,"Yes, Always",No separate bins,Delayed by 1 to 2 hours,"No, single chamber",Never,Mixed with dry,Yes,Yes,Lower municipal maintenance fee
10/2/2026 14:01:21,Standalone Building or Chawl,Sometimes,Lack of kitchen space,No door to door pickup,"No, single chamber",Frequently,Mixed with wet,No,No,Strict fines
10/2/2026 14:01:27,Standalone Building or Chawl,Sometimes,Lack of kitchen space,Irregular,"No, single chamber",Frequently,Mixed with dry,No,Yes,Strict fines
10/2/2026 14:01:32,Gated Society,"No, Single bin",Forgetfulness,No door to door pickup,"No, single chamber",Frequently,Mixed with dry,No,Yes,Lower municipal maintenance fee
10/2/2026 14:01:38,Gated Society,"Yes, Always",Lack of kitchen space,Irregular,Yes,Occasionally,Mixed with dry,No,No,Strict fines
10/2/2026 14:01:44,Standalone Building or Chawl,Sometimes,Forgetfulness,No door to door pickup,"No, single chamber",Never,"Yes, in separate bag",Yes,No,Strict fines
10/2/2026 14:01:50,Standalone Building or Chawl,Sometimes,Forgetfulness,No door to door pickup,"No, single chamber",Occasionally,Mixed with wet,No,Yes,Clearer instructions
10/2/2026 14:01:56,Standalone Building or Chawl,Sometimes,Waste collector mixes them anyway,No door to door pickup,"No, single chamber",Frequently,Mixed with dry,Yes,Yes,Lower municipal maintenance fee
10/2/2026 14:02:01,Gated Society,"No, Single bin",Waste collector mixes them anyway,Very regular,"No, single chamber",Frequently,"Yes, in separate bag",No,Yes,Clearer instructions
10/2/2026 14:02:07,Gated Society,Sometimes,Forgetfulness,Delayed by 1 to 2 hours,"No, single chamber",Frequently,Mixed with dry,Yes,Yes,Better bins
10/2/2026 14:02:12,Other,Sometimes,No separate bins,Delayed by 1 to 2 hours,"No, single chamber",Never,Mixed with wet,No,Yes,Better bins
10/2/2026 14:02:17,Gated Society,"No, Single bin",Lack of kitchen space,Delayed by 1 to 2 hours,"No, single chamber",Frequently,Mixed with wet,Yes,No,Clearer instructions
10/2/2026 14:02:23,Other,"No, Single bin",Forgetfulness,No door to door pickup,"No, single chamber",Frequently,Mixed with wet,No,Yes,Better bins
10/2/2026 14:02:29,Standalone Building or Chawl,Sometimes,Lack of kitchen space,No door to door pickup,"No, single chamber",Occasionally,Mixed with dry,No,Yes,Better bins
10/2/2026 14:02:34,Gated Society,"Yes, Always",Forgetfulness,Irregular,"No, single chamber",Frequently,"Yes, in separate bag",Yes,Yes,Clearer instructions
10/2/2026 14:02:39,Standalone Building or Chawl,"No, Single bin",Forgetfulness,No door to door pickup,Not sure,Frequently,Mixed with wet,Yes,No,Strict fines
10/2/2026 14:02:44,Standalone Building or Chawl,Sometimes,No separate bins,Delayed by 1 to 2 hours,Yes,Frequently,Mixed with dry,Yes,No,Clearer instructions
10/2/2026 14:02:50,Gated Society,"Yes, Always",Forgetfulness,Irregular,Yes,Frequently,Mixed with dry,No,Yes,Lower municipal maintenance fee
10/2/2026 14:02:55,Gated Society,"No, Single bin",No separate bins,No door to door pickup,"No, single chamber",Frequently,Mixed with wet,Yes,Yes,Strict fines
10/2/2026 14:03:01,Standalone Building or Chawl,"No, Single bin",No separate bins,Very regular,Yes,Occasionally,Mixed with wet,No,No,Strict fines
10/2/2026 14:03:06,Gated Society,"Yes, Always",Waste collector mixes them anyway,Delayed by 1 to 2 hours,Yes,Frequently,"Yes, in separate bag",No,Yes,Strict fines
10/2/2026 14:03:12,Gated Society,Sometimes,No separate bins,Irregular,Yes,Never,Mixed with wet,Yes,Yes,Better bins
10/2/2026 14:03:18,Other,"No, Single bin",Waste collector mixes them anyway,Delayed by 1 to 2 hours,"No, single chamber",Frequently,Mixed with wet,Yes,No,Better bins
10/2/2026 14:03:23,Standalone Building or Chawl,Sometimes,Forgetfulness,No door to door pickup,"No, single chamber",Never,Mixed with wet,Yes,Yes,Strict fines
10/2/2026 14:03:29,Gated Society,"No, Single bin",No separate bins,No door to door pickup,Not sure,Frequently,Mixed with wet,No,Yes,Clearer instructions
10/2/2026 14:03:35,Standalone Building or Chawl,"Yes, Always",No separate bins,No door to door pickup,"No, single chamber",Frequently,Mixed with wet,Yes,Yes,Lower municipal maintenance fee
10/2/2026 14:03:41,Standalone Building or Chawl,"Yes, Always",No separate bins,Irregular,"No, single chamber",Never,Mixed with dry,Yes,Yes,Lower municipal maintenance fee
10/2/2026 14:03:47,Other,Sometimes,No separate bins,Irregular,Yes,Frequently,Mixed with dry,No,Yes,Better bins
10/2/2026 14:03:53,Gated Society,"No, Single bin",Lack of kitchen space,Irregular,"No, single chamber",Never,Mixed with wet,Yes,Yes,Better bins
10/2/2026 14:03:59,Gated Society,Sometimes,No separate bins,Irregular,"No, single chamber",Occasionally,"Yes, in separate bag",Yes,Yes,Strict fines
10/2/2026 14:04:04,Standalone Building or Chawl,Sometimes,Waste collector mixes them anyway,No door to door pickup,"No, single chamber",Occasionally,Mixed with wet,Yes,Yes,Clearer instructions
10/2/2026 14:04:10,Gated Society,"Yes, Always",No separate bins,Delayed by 1 to 2 hours,"No, single chamber",Frequently,Mixed with wet,No,No,Clearer instructions
10/2/2026 14:04:16,Other,"No, Single bin",Waste collector mixes them anyway,Delayed by 1 to 2 hours,"No, single chamber",Frequently,Mixed with wet,Yes,No,Better bins
10/2/2026 14:04:21,Gated Society,"No, Single bin",No separate bins,Irregular,Yes,Never,Mixed with dry,Yes,Yes,Strict fines
10/2/2026 14:04:27,Gated Society,"No, Single bin",Waste collector mixes them anyway,Delayed by 1 to 2 hours,"No, single chamber",Frequently,Mixed with wet,Yes,Yes,Lower municipal maintenance fee
10/2/2026 14:04:34,Gated Society,"No, Single bin",Lack of kitchen space,Delayed by 1 to 2 hours,"No, single chamber",Occasionally,Mixed with wet,No,No,Strict fines
10/2/2026 14:04:40,Standalone Building or Chawl,"No, Single bin",Waste collector mixes them anyway,No door to door pickup,"No, single chamber",Frequently,Mixed with wet,Yes,No,Lower municipal maintenance fee
10/2/2026 14:04:45,Gated Society,"Yes, Always",No separate bins,Irregular,Yes,Frequently,Mixed with wet,No,Yes,Strict fines
10/2/2026 14:04:50,Standalone Building or Chawl,"No, Single bin",Forgetfulness,Delayed by 1 to 2 hours,Yes,Frequently,"Yes, in separate bag",No,Yes,Better bins
10/2/2026 14:04:56,Standalone Building or Chawl,Sometimes,No separate bins,Irregular,"No, single chamber",Frequently,"Yes, in separate bag",No,No,Strict fines
10/2/2026 14:05:02,Gated Society,"No, Single bin",No separate bins,Irregular,Yes,Occasionally,Mixed with wet,Yes,Yes,Better bins
10/2/2026 14:05:07,Gated Society,"No, Single bin",No separate bins,Delayed by 1 to 2 hours,Not sure,Never,Mixed with wet,Yes,No,Lower municipal maintenance fee
10/2/2026 14:05:13,Standalone Building or Chawl,"No, Single bin",Forgetfulness,Very regular,"No, single chamber",Frequently,Mixed with dry,Yes,No,Strict fines
10/2/2026 14:05:19,Gated Society,"No, Single bin",Waste collector mixes them anyway,Delayed by 1 to 2 hours,"No, single chamber",Frequently,Mixed with dry,Yes,No,Clearer instructions
10/2/2026 14:05:25,Other,"No, Single bin",Waste collector mixes them anyway,Delayed by 1 to 2 hours,"No, single chamber",Occasionally,Mixed with wet,Yes,Yes,Better bins
10/2/2026 14:05:31,Other,"No, Single bin",Waste collector mixes them anyway,Irregular,"No, single chamber",Frequently,Mixed with dry,No,No,Strict fines
10/2/2026 14:05:38,Other,Sometimes,Waste collector mixes them anyway,Delayed by 1 to 2 hours,"No, single chamber",Occasionally,Mixed with dry,No,No,Better bins
10/2/2026 14:05:44,Standalone Building or Chawl,"No, Single bin",No separate bins,Irregular,"No, single chamber",Occasionally,"Yes, in separate bag",Yes,No,Better bins
10/2/2026 14:05:49,Gated Society,"No, Single bin",Forgetfulness,No door to door pickup,Yes,Occasionally,Mixed with dry,Yes,Yes,Better bins
10/2/2026 14:05:55,Standalone Building or Chawl,Sometimes,Forgetfulness,Delayed by 1 to 2 hours,"No, single chamber",Occasionally,Mixed with wet,Yes,Yes,Better bins
10/2/2026 14:06:01,Standalone Building or Chawl,"No, Single bin",Forgetfulness,No door to door pickup,Yes,Frequently,"Yes, in separate bag",Yes,No,Clearer instructions
10/2/2026 14:06:06,Other,"No, Single bin",Forgetfulness,Very regular,"No, single chamber",Occasionally,Mixed with wet,No,No,Lower municipal maintenance fee
10/2/2026 14:06:12,Gated Society,"No, Single bin",Waste collector mixes them anyway,Irregular,Yes,Frequently,Mixed with wet,No,No,Better bins
10/2/2026 14:06:18,Standalone Building or Chawl,Sometimes,No separate bins,Very regular,Not sure,Occasionally,Mixed with dry,Yes,No,Strict fines
10/2/2026 14:06:25,Other,"No, Single bin",No separate bins,Irregular,"No, single chamber",Frequently,Mixed with dry,Yes,No,Lower municipal maintenance fee
10/2/2026 14:06:31,Standalone Building or Chawl,"No, Single bin",Lack of kitchen space,Very regular,Yes,Occasionally,"Yes, in separate bag",Yes,Yes,Clearer instructions
10/2/2026 14:06:37,Standalone Building or Chawl,"Yes, Always",No separate bins,Delayed by 1 to 2 hours,"No, single chamber",Occasionally,Mixed with dry,Yes,Yes,Lower municipal maintenance fee
10/2/2026 14:06:43,Standalone Building or Chawl,Sometimes,Lack of kitchen space,Very regular,"No, single chamber",Never,Mixed with wet,Yes,No,Better bins
10/2/2026 14:06:49,Gated Society,"No, Single bin",Lack of kitchen space,Delayed by 1 to 2 hours,"No, single chamber",Frequently,Mixed with wet,No,Yes,Lower municipal maintenance fee
10/2/2026 14:06:55,Other,"No, Single bin",Lack of kitchen space,Irregular,Not sure,Frequently,Mixed with wet,No,No,Clearer instructions
10/2/2026 14:07:01,Gated Society,Sometimes,No separate bins,Very regular,"No, single chamber",Frequently,Mixed with dry,No,Yes,Strict fines